北京,2003,6946
北京,2004,8477
北京,2005,11795
北京,2006,13825
北京,2007,18069
北京,2008,26158
北京,2009,27327
北京,2010,32760
北京,2011,40683
北京,2012,50490
北京,2013,64201
北京,2014,74938
北京,2015,85528
北京,2016,98497
北京,2017,104789
北京,2018,123172
北京,2019,129931
天津,2003,3383
天津,2004,3724
天津,2005,4210
天津,2006,4104
天津,2007,4322
天津,2008,4624
天津,2009,5787
天津,2010,6895
天津,2011,9542
天津,2012,12606
天津,2013,19793
天津,2014,20915
天津,2015,25966
天津,2016,31138
天津,2017,25439
天津,2018,25013
天津,2019,23145
河北省张家口,2003,14
河北省张家口,2004,20
河北省张家口,2005,23
河北省张家口,2006,29
河北省张家口,2007,38
河北省张家口,2008,36
河北省张家口,2009,49
河北省张家口,2010,37
河北省张家口,2011,64
河北省张家口,2012,91
河北省张家口,2013,183
河北省张家口,2014,335
河北省张家口,2015,318
河北省张家口,2016,329
河北省张家口,2017,374
河北省张家口,2018,563
河北省张家口,2019,450
河北省承德,2003,31
河北省承德,2004,19
河北省承德,2005,27
河北省承德,2006,30
河北省承德,2007,29
河北省承德,2008,25
河北省承德,2009,42
河北省承德,2010,60
河北省承德,2011,69
河北省承德,2012,99
河北省承德,2013,92
河北省承德,2014,108
河北省承德,2015,211
河北省承德,2016,275
河北省承德,2017,361
河北省承德,2018,425
河北省承德,2019,458
河北省秦皇岛,2003,68
河北省秦皇岛,2004,78
河北省秦皇岛,2005,94
河北省秦皇岛,2006,163
河北省秦皇岛,2007,178
河北省秦皇岛,2008,228
河北省秦皇岛,2009,303
河北省秦皇岛,2010,333
河北省秦皇岛,2011,410
河北省秦皇岛,2012,676
河北省秦皇岛,2013,683
河北省秦皇岛,2014,752
河北省秦皇岛,2015,1001
河北省秦皇岛,2016,1376
河北省秦皇岛,2017,1591
河北省秦皇岛,2018,2192
河北省秦皇岛,2019,2301
河北省唐山,2003,62
河北省唐山,2004,72
河北省唐山,2005,81
河北省唐山,2006,116
河北省唐山,2007,149
河北省唐山,2008,161
河北省唐山,2009,206
河北省唐山,2010,313
河北省唐山,2011,511
河北省唐山,2012,734
河北省唐山,2013,754
河北省唐山,2014,905
河北省唐山,2015,1103
河北省唐山,2016,1532
河北省唐山,2017,1990
河北省唐山,2018,2530
河北省唐山,2019,2776
河北省沧州,2003,31
河北省沧州,2004,11
河北省沧州,2005,18
河北省沧州,2006,22
河北省沧州,2007,20
河北省沧州,2008,35
河北省沧州,2009,50
河北省沧州,2010,56
河北省沧州,2011,128
河北省沧州,2012,154
河北省沧州,2013,193
河北省沧州,2014,264
河北省沧州,2015,435
河北省沧州,2016,651
河北省沧州,2017,524
河北省沧州,2018,904
河北省沧州,2019,903
河北省衡水,2003,14
河北省衡水,2004,16
河北省衡水,2005,15
河北省衡水,2006,16
河北省衡水,2007,22
河北省衡水,2008,33
河北省衡水,2009,55
河北省衡水,2010,59
河北省衡水,2011,89
河北省衡水,2012,141
河北省衡水,2013,154
河北省衡水,2014,232
河北省衡水,2015,311
河北省衡水,2016,392
河北省衡水,2017,516
河北省衡水,2018,449
河北省衡水,2019,623
河北省廊坊,2003,31
河北省廊坊,2004,19
河北省廊坊,2005,31
河北省廊坊,2006,38
河北省廊坊,2007,66
河北省廊坊,2008,126
河北省廊坊,2009,188
河北省廊坊,2010,190
河北省廊坊,2011,262
河北省廊坊,2012,336
河北省廊坊,2013,328
河北省廊坊,2014,530
河北省廊坊,2015,714
河北省廊坊,2016,903
河北省廊坊,2017,1302
河北省廊坊,2018,2164
河北省廊坊,2019,2147
河北省保定,2003,46
河北省保定,2004,85
河北省保定,2005,130
河北省保定,2006,147
河北省保定,2007,169
河北省保定,2008,188
河北省保定,2009,294
河北省保定,2010,396
河北省保定,2011,699
河北省保定,2012,969
河北省保定,2013,1419
河北省保定,2014,1257
河北省保定,2015,1402
河北省保定,2016,1850
河北省保定,2017,2364
河北省保定,2018,2586
河北省保定,2019,2580
河北省石家庄,2003,215
河北省石家庄,2004,234
河北省石家庄,2005,310
河北省石家庄,2006,348
河北省石家庄,2007,419
河北省石家庄,2008,582
河北省石家庄,2009,638
河北省石家庄,2010,773
河北省石家庄,2011,1048
河北省石家庄,2012,1316
河北省石家庄,2013,1558
河北省石家庄,2014,1893
河北省石家庄,2015,2521
河北省石家庄,2016,3152
河北省石家庄,2017,3705
河北省石家庄,2018,4647
河北省石家庄,2019,5481
河北省邢台,2003,20
河北省邢台,2004,18
河北省邢台,2005,26
河北省邢台,2006,26
河北省邢台,2007,20
河北省邢台,2008,28
河北省邢台,2009,60
河北省邢台,2010,66
河北省邢台,2011,91
河北省邢台,2012,166
河北省邢台,2013,176
河北省邢台,2014,235
河北省邢台,2015,441
河北省邢台,2016,793
河北省邢台,2017,656
河北省邢台,2018,870
河北省邢台,2019,856
河北省邯郸,2003,56
河北省邯郸,2004,39
河北省邯郸,2005,47
河北省邯郸,2006,93
河北省邯郸,2007,71
河北省邯郸,2008,117
河北省邯郸,2009,210
河北省邯郸,2010,247
河北省邯郸,2011,355
河北省邯郸,2012,551
河北省邯郸,2013,664
河北省邯郸,2014,674
河北省邯郸,2015,954
河北省邯郸,2016,956
河北省邯郸,2017,1086
河北省邯郸,2018,1671
河北省邯郸,2019,1395
上海,2003,5446
上海,2004,7133
上海,2005,9469
上海,2006,11644
上海,2007,14759
上海,2008,16769
上海,2009,20862
上海,2010,23737
上海,2011,28437
上海,2012,32721
上海,2013,35950
上海,2014,37658
上海,2015,43804
上海,2016,51598
上海,2017,57553
上海,2018,63847
上海,2019,71178
江苏省南京,2003,1121
江苏省南京,2004,1587
江苏省南京,2005,1944
江苏省南京,2006,3174
江苏省南京,2007,2963
江苏省南京,2008,4465
江苏省南京,2009,5680
江苏省南京,2010,6801
江苏省南京,2011,9938
江苏省南京,2012,14265
江苏省南京,2013,17928
江苏省南京,2014,23127
江苏省南京,2015,23338
江苏省南京,2016,27073
江苏省南京,2017,37537
江苏省南京,2018,42257
江苏省南京,2019,42255
江苏省无锡,2003,251
江苏省无锡,2004,257
江苏省无锡,2005,421
江苏省无锡,2006,649
江苏省无锡,2007,1244
江苏省无锡,2008,2032
江苏省无锡,2009,3148
江苏省无锡,2010,5054
江苏省无锡,2011,9529
江苏省无锡,2012,13811
江苏省无锡,2013,18006
江苏省无锡,2014,21077
江苏省无锡,2015,22050
江苏省无锡,2016,30358
江苏省无锡,2017,21898
江苏省无锡,2018,18860
江苏省无锡,2019,15552
江苏省常州,2003,148
江苏省常州,2004,176
江苏省常州,2005,291
江苏省常州,2006,356
江苏省常州,2007,508
江苏省常州,2008,896
江苏省常州,2009,1168
江苏省常州,2010,2282
江苏省常州,2011,5090
江苏省常州,2012,7144
江苏省常州,2013,8602
江苏省常州,2014,9575
江苏省常州,2015,9925
江苏省常州,2016,11050
江苏省常州,2017,11347
江苏省常州,2018,12656
江苏省常州,2019,11284
江苏省苏州,2003,192
江苏省苏州,2004,343
江苏省苏州,2005,460
江苏省苏州,2006,757
江苏省苏州,2007,1349
江苏省苏州,2008,2188
江苏省苏州,2009,3372
江苏省苏州,2010,7621
江苏省苏州,2011,18683
江苏省苏州,2012,29417
江苏省苏州,2013,39944
江苏省苏州,2014,35973
江苏省苏州,2015,39520
江苏省苏州,2016,42003
江苏省苏州,2017,47915
江苏省苏州,2018,50605
江苏省苏州,2019,43474
江苏省南通,2003,60
江苏省南通,2004,101
江苏省南通,2005,152
江苏省南通,2006,206
江苏省南通,2007,290
江苏省南通,2008,489
江苏省南通,2009,830
江苏省南通,2010,4039
江苏省南通,2011,6577
江苏省南通,2012,6531
江苏省南通,2013,6294
江苏省南通,2014,6844
江苏省南通,2015,7149
江苏省南通,2016,7560
江苏省南通,2017,13136
江苏省南通,2018,13090
江苏省南通,2019,9230
江苏省盐城,2003,19
江苏省盐城,2004,43
江苏省盐城,2005,41
江苏省盐城,2006,86
江苏省盐城,2007,181
江苏省盐城,2008,213
江苏省盐城,2009,297
江苏省盐城,2010,629
江苏省盐城,2011,902
江苏省盐城,2012,1053
江苏省盐城,2013,1652
江苏省盐城,2014,2057
江苏省盐城,2015,3026
江苏省盐城,2016,4193
江苏省盐城,2017,9411
江苏省盐城,2018,10614
江苏省盐城,2019,6176
江苏省扬州,2003,35
江苏省扬州,2004,67
江苏省扬州,2005,126
江苏省扬州,2006,196
江苏省扬州,2007,204
江苏省扬州,2008,297
江苏省扬州,2009,477
江苏省扬州,2010,962
江苏省扬州,2011,2282
江苏省扬州,2012,3386
江苏省扬州,2013,4231
江苏省扬州,2014,4044
江苏省扬州,2015,4854
江苏省扬州,2016,5277
江苏省扬州,2017,8134
江苏省扬州,2018,9314
江苏省扬州,2019,6022
江苏省镇江,2003,52
江苏省镇江,2004,83
江苏省镇江,2005,151
江苏省镇江,2006,283
江苏省镇江,2007,325
江苏省镇江,2008,672
江苏省镇江,2009,850
江苏省镇江,2010,1349
江苏省镇江,2011,2481
江苏省镇江,2012,4955
江苏省镇江,2013,8003
江苏省镇江,2014,7585
江苏省镇江,2015,8386
江苏省镇江,2016,10947
江苏省镇江,2017,14612
江苏省镇江,2018,11351
江苏省镇江,2019,7101
江苏省泰州,2003,60
江苏省泰州,2004,31
江苏省泰州,2005,74
江苏省泰州,2006,240
江苏省泰州,2007,219
江苏省泰州,2008,207
江苏省泰州,2009,271
江苏省泰州,2010,565
江苏省泰州,2011,1740
江苏省泰州,2012,3283
江苏省泰州,2013,2799
江苏省泰州,2014,4266
江苏省泰州,2015,4446
江苏省泰州,2016,6233
江苏省泰州,2017,9937
江苏省泰州,2018,9618
江苏省泰州,2019,4853
浙江省杭州,2003,1267
浙江省杭州,2004,1757
浙江省杭州,2005,2720
浙江省杭州,2006,3700
浙江省杭州,2007,3740
浙江省杭州,2008,4527
浙江省杭州,2009,6105
浙江省杭州,2010,6913
浙江省杭州,2011,8525
浙江省杭州,2012,10918
浙江省杭州,2013,12892
浙江省杭州,2014,13630
浙江省杭州,2015,16509
浙江省杭州,2016,22456
浙江省杭州,2017,27035
浙江省杭州,2018,37515
浙江省杭州,2019,43653
浙江省宁波,2003,188
浙江省宁波,2004,247
浙江省宁波,2005,386
浙江省宁波,2006,741
浙江省宁波,2007,862
浙江省宁波,2008,1226
浙江省宁波,2009,1605
浙江省宁波,2010,1928
浙江省宁波,2011,3427
浙江省宁波,2012,5904
浙江省宁波,2013,7711
浙江省宁波,2014,9447
浙江省宁波,2015,12905
浙江省宁波,2016,15312
浙江省宁波,2017,19856
浙江省宁波,2018,21731
浙江省宁波,2019,16701
浙江省嘉兴,2003,25
浙江省嘉兴,2004,31
浙江省嘉兴,2005,43
浙江省嘉兴,2006,131
浙江省嘉兴,2007,153
浙江省嘉兴,2008,409
浙江省嘉兴,2009,293
浙江省嘉兴,2010,554
浙江省嘉兴,2011,932
浙江省嘉兴,2012,1429
浙江省嘉兴,2013,2258
浙江省嘉兴,2014,2825
浙江省嘉兴,2015,4672
浙江省嘉兴,2016,6882
浙江省嘉兴,2017,10271
浙江省嘉兴,2018,16497
浙江省嘉兴,2019,9347
浙江省湖州,2003,26
浙江省湖州,2004,36
浙江省湖州,2005,64
浙江省湖州,2006,106
浙江省湖州,2007,137
浙江省湖州,2008,257
浙江省湖州,2009,341
浙江省湖州,2010,676
浙江省湖州,2011,1466
浙江省湖州,2012,2035
浙江省湖州,2013,3619
浙江省湖州,2014,5469
浙江省湖州,2015,5788
浙江省湖州,2016,6151
浙江省湖州,2017,10840
浙江省湖州,2018,16037
浙江省湖州,2019,6723
浙江省绍兴,2003,38
浙江省绍兴,2004,51
浙江省绍兴,2005,76
浙江省绍兴,2006,112
浙江省绍兴,2007,188
浙江省绍兴,2008,228
浙江省绍兴,2009,386
浙江省绍兴,2010,569
浙江省绍兴,2011,1320
浙江省绍兴,2012,2020
浙江省绍兴,2013,2039
浙江省绍兴,2014,2943
浙江省绍兴,2015,4967
浙江省绍兴,2016,8756
浙江省绍兴,2017,12464
浙江省绍兴,2018,8705
浙江省绍兴,2019,7454
浙江省金华,2003,29
浙江省金华,2004,45
浙江省金华,2005,60
浙江省金华,2006,57
浙江省金华,2007,115
浙江省金华,2008,160
浙江省金华,2009,188
浙江省金华,2010,356
浙江省金华,2011,1098
浙江省金华,2012,1392
浙江省金华,2013,1636
浙江省金华,2014,1494
浙江省金华,2015,1966
浙江省金华,2016,3372
浙江省金华,2017,5252
浙江省金华,2018,7968
浙江省金华,2019,6819
浙江省舟山,2003,21
浙江省舟山,2004,10
浙江省舟山,2005,31
浙江省舟山,2006,27
浙江省舟山,2007,44
浙江省舟山,2008,57
浙江省舟山,2009,94
浙江省舟山,2010,182
浙江省舟山,2011,372
浙江省舟山,2012,453
浙江省舟山,2013,541
浙江省舟山,2014,1039
浙江省舟山,2015,1231
浙江省舟山,2016,1443
浙江省舟山,2017,1813
浙江省舟山,2018,1556
浙江省舟山,2019,1446
浙江省台州,2003,54
浙江省台州,2004,71
浙江省台州,2005,127
浙江省台州,2006,198
浙江省台州,2007,224
浙江省台州,2008,264
浙江省台州,2009,352
浙江省台州,2010,785
浙江省台州,2011,1135
浙江省台州,2012,1340
浙江省台州,2013,1805
浙江省台州,2014,1826
浙江省台州,2015,2501
浙江省台州,2016,3578
浙江省台州,2017,5060
浙江省台州,2018,6873
浙江省台州,2019,5979
安徽省合肥,2003,295
安徽省合肥,2004,321
安徽省合肥,2005,427
安徽省合肥,2006,558
安徽省合肥,2007,526
安徽省合肥,2008,822
安徽省合肥,2009,1241
安徽省合肥,2010,1891
安徽省合肥,2011,3204
安徽省合肥,2012,4491
安徽省合肥,2013,7116
安徽省合肥,2014,11794
安徽省合肥,2015,15112
安徽省合肥,2016,23362
安徽省合肥,2017,33989
安徽省合肥,2018,36363
安徽省合肥,2019,24591
安徽省芜湖,2003,12
安徽省芜湖,2004,42
安徽省芜湖,2005,73
安徽省芜湖,2006,151
安徽省芜湖,2007,351
安徽省芜湖,2008,770
安徽省芜湖,2009,961
安徽省芜湖,2010,1079
安徽省芜湖,2011,1838
安徽省芜湖,2012,3215
安徽省芜湖,2013,5641
安徽省芜湖,2014,9044
安徽省芜湖,2015,11928
安徽省芜湖,2016,15874
安徽省芜湖,2017,18711
安徽省芜湖,2018,28062
安徽省芜湖,2019,7652
安徽省马鞍山,2003,13
安徽省马鞍山,2004,50
安徽省马鞍山,2005,104
安徽省马鞍山,2006,83
安徽省马鞍山,2007,87
安徽省马鞍山,2008,155
安徽省马鞍山,2009,145
安徽省马鞍山,2010,233
安徽省马鞍山,2011,425
安徽省马鞍山,2012,927
安徽省马鞍山,2013,1922
安徽省马鞍山,2014,2992
安徽省马鞍山,2015,3454
安徽省马鞍山,2016,4957
安徽省马鞍山,2017,5722
安徽省马鞍山,2018,6112
安徽省马鞍山,2019,4875
安徽省铜陵,2003,16
安徽省铜陵,2004,2
安徽省铜陵,2005,16
安徽省铜陵,2006,30
安徽省铜陵,2007,24
安徽省铜陵,2008,46
安徽省铜陵,2009,146
安徽省铜陵,2010,234
安徽省铜陵,2011,358
安徽省铜陵,2012,616
安徽省铜陵,2013,1358
安徽省铜陵,2014,1134
安徽省铜陵,2015,1647
安徽省铜陵,2016,1901
安徽省铜陵,2017,1581
安徽省铜陵,2018,1864
安徽省铜陵,2019,945
安徽省安庆,2003,8
安徽省安庆,2004,16
安徽省安庆,2005,18
安徽省安庆,2006,15
安徽省安庆,2007,25
安徽省安庆,2008,22
安徽省安庆,2009,49
安徽省安庆,2010,84
安徽省安庆,2011,150
安徽省安庆,2012,228
安徽省安庆,2013,1116
安徽省安庆,2014,2412
安徽省安庆,2015,6080
安徽省安庆,2016,10961
安徽省安庆,2017,4171
安徽省安庆,2018,5370
安徽省安庆,2019,2980
安徽省滁州,2003,4
安徽省滁州,2004,3
安徽省滁州,2005,6
安徽省滁州,2006,16
安徽省滁州,2007,25
安徽省滁州,2008,40
安徽省滁州,2009,56
安徽省滁州,2010,95
安徽省滁州,2011,272
安徽省滁州,2012,1096
安徽省滁州,2013,2483
安徽省滁州,2014,3988
安徽省滁州,2015,5153
安徽省滁州,2016,7457
安徽省滁州,2017,6316
安徽省滁州,2018,7098
安徽省滁州,2019,3215
安徽省池州,2003,2
安徽省池州,2004,7
安徽省池州,2005,4
安徽省池州,2006,9
安徽省池州,2007,11
安徽省池州,2008,12
安徽省池州,2009,21
安徽省池州,2010,56
安徽省池州,2011,178
安徽省池州,2012,290
安徽省池州,2013,595
安徽省池州,2014,1073
安徽省池州,2015,1506
安徽省池州,2016,1860
安徽省池州,2017,1464
安徽省池州,2018,1739
安徽省池州,2019,512
安徽省宣城,2003,10
安徽省宣城,2004,4
安徽省宣城,2005,7
安徽省宣城,2006,12
安徽省宣城,2007,10
安徽省宣城,2008,7
安徽省宣城,2009,14
安徽省宣城,2010,39
安徽省宣城,2011,159
安徽省宣城,2012,837
安徽省宣城,2013,1433
安徽省宣城,2014,2290
安徽省宣城,2015,2296
安徽省宣城,2016,2514
安徽省宣城,2017,2647
安徽省宣城,2018,3888
安徽省宣城,2019,1756
广东省广州,2003,1387
广东省广州,2004,1496
广东省广州,2005,1820
广东省广州,2006,2491
广东省广州,2007,2791
广东省广州,2008,3816
广东省广州,2009,4791
广东省广州,2010,5891
广东省广州,2011,7441
广东省广州,2012,9248
广东省广州,2013,11395
广东省广州,2014,13801
广东省广州,2015,18491
广东省广州,2016,29236
广东省广州,2017,39139
广东省广州,2018,50274
广东省广州,2019,46108
广东省深圳,2003,3552
广东省深圳,2004,5162
广东省深圳,2005,9109
广东省深圳,2006,14439
广东省深圳,2007,17744
广东省深圳,2008,18811
广东省深圳,2009,21116
广东省深圳,2010,22674
广东省深圳,2011,26878
广东省深圳,2012,31379
广东省深圳,2013,32363
广东省深圳,2014,31532
广东省深圳,2015,38175
广东省深圳,2016,54453
广东省深圳,2017,67028
广东省深圳,2018,76282
广东省深圳,2019,80573
广东省珠海,2003,126
广东省珠海,2004,122
广东省珠海,2005,245
广东省珠海,2006,355
广东省珠海,2007,426
广东省珠海,2008,458
广东省珠海,2009,593
广东省珠海,2010,792
广东省珠海,2011,1394
广东省珠海,2012,2189
广东省珠海,2013,2670
广东省珠海,2014,3080
广东省珠海,2015,4439
广东省珠海,2016,7300
广东省珠海,2017,8717
广东省珠海,2018,13285
广东省珠海,2019,14876
广东省佛山,2003,182
广东省佛山,2004,382
广东省佛山,2005,1087
广东省佛山,2006,1498
广东省佛山,2007,1307
广东省佛山,2008,1486
广东省佛山,2009,1726
广东省佛山,2010,1981
广东省佛山,2011,2515
广东省佛山,2012,3030
广东省佛山,2013,4192
广东省佛山,2014,6850
广东省佛山,2015,10854
广东省佛山,2016,16715
广东省佛山,2017,27424
广东省佛山,2018,31228
广东省佛山,2019,16210
广东省惠州,2003,86
广东省惠州,2004,144
广东省惠州,2005,240
广东省惠州,2006,39
广东省惠州,2007,95
广东省惠州,2008,219
广东省惠州,2009,345
广东省惠州,2010,784
广东省惠州,2011,1162
广东省惠州,2012,1544
广东省惠州,2013,2296
广东省惠州,2014,3170
广东省惠州,2015,4397
广东省惠州,2016,5882
广东省惠州,2017,7642
广东省惠州,2018,4738
广东省惠州,2019,4537
广东省东莞,2003,83
广东省东莞,2004,164
广东省东莞,2005,257
广东省东莞,2006,504
广东省东莞,2007,760
广东省东莞,2008,1066
广东省东莞,2009,1487
广东省东莞,2010,4119
广东省东莞,2011,2581
广东省东莞,2012,5346
广东省东莞,2013,5864
广东省东莞,2014,6854
广东省东莞,2015,10674
广东省东莞,2016,16624
广东省东莞,2017,22413
广东省东莞,2018,24960
广东省东莞,2019,20156
广东省中山,2003,47
广东省中山,2004,96
广东省中山,2005,103
广东省中山,2006,177
广东省中山,2007,274
广东省中山,2008,513
广东省中山,2009,606
广东省中山,2010,906
广东省中山,2011,1154
广东省中山,2012,1672
广东省中山,2013,2257
广东省中山,2014,2897
广东省中山,2015,4221
广东省中山,2016,6222
广东省中山,2017,8201
广东省中山,2018,7809
广东省中山,2019,5641
广东省江门,2003,60
广东省江门,2004,74
广东省江门,2005,61
广东省江门,2006,129
广东省江门,2007,105
广东省江门,2008,213
广东省江门,2009,285
广东省江门,2010,404
广东省江门,2011,704
广东省江门,2012,1033
广东省江门,2013,1497
广东省江门,2014,1839
广东省江门,2015,2273
广东省江门,2016,2871
广东省江门,2017,5473
广东省江门,2018,4504
广东省江门,2019,2945
广东省肇庆,2003,34
广东省肇庆,2004,36
广东省肇庆,2005,22
广东省肇庆,2006,27
广东省肇庆,2007,22
广东省肇庆,2008,59
广东省肇庆,2009,71
广东省肇庆,2010,114
广东省肇庆,2011,244
广东省肇庆,2012,278
广东省肇庆,2013,240
广东省肇庆,2014,320
广东省肇庆,2015,394
广东省肇庆,2016,799
广东省肇庆,2017,2001
广东省肇庆,2018,2274
广东省肇庆,2019,1624
湖北省武汉,2003,1095
湖北省武汉,2004,1148
湖北省武汉,2005,1284
湖北省武汉,2006,1741
湖北省武汉,2007,2192
湖北省武汉,2008,2750
湖北省武汉,2009,3726
湖北省武汉,2010,4212
湖北省武汉,2011,5696
湖北省武汉,2012,7475
湖北省武汉,2013,8876
湖北省武汉,2014,10961
湖北省武汉,2015,14003
湖北省武汉,2016,19298
湖北省武汉,2017,24514
湖北省武汉,2018,29399
湖北省武汉,2019,33128
湖北省黄石,2003,18
湖北省黄石,2004,16
湖北省黄石,2005,26
湖北省黄石,2006,79
湖北省黄石,2007,68
湖北省黄石,2008,60
湖北省黄石,2009,58
湖北省黄石,2010,88
湖北省黄石,2011,239
湖北省黄石,2012,713
湖北省黄石,2013,860
湖北省黄石,2014,833
湖北省黄石,2015,1137
湖北省黄石,2016,1366
湖北省黄石,2017,2045
湖北省黄石,2018,2111
湖北省黄石,2019,1227
湖北省鄂州,2003,11
湖北省鄂州,2004,9
湖北省鄂州,2005,40
湖北省鄂州,2006,45
湖北省鄂州,2007,63
湖北省鄂州,2008,52
湖北省鄂州,2009,70
湖北省鄂州,2010,28
湖北省鄂州,2011,49
湖北省鄂州,2012,131
湖北省鄂州,2013,262
湖北省鄂州,2014,392
湖北省鄂州,2015,566
湖北省鄂州,2016,724
湖北省鄂州,2017,913
湖北省鄂州,2018,486
湖北省鄂州,2019,477
湖北省黄冈,2003,3
湖北省黄冈,2004,4
湖北省黄冈,2005,3
湖北省黄冈,2006,15
湖北省黄冈,2007,11
湖北省黄冈,2008,17
湖北省黄冈,2009,26
湖北省黄冈,2010,33
湖北省黄冈,2011,94
湖北省黄冈,2012,206
湖北省黄冈,2013,318
湖北省黄冈,2014,396
湖北省黄冈,2015,486
湖北省黄冈,2016,841
湖北省黄冈,2017,1256
湖北省黄冈,2018,1733
湖北省黄冈,2019,1253
湖北省孝感,2003,7
湖北省孝感,2004,1
湖北省孝感,2005,9
湖北省孝感,2006,21
湖北省孝感,2007,24
湖北省孝感,2008,33
湖北省孝感,2009,39
湖北省孝感,2010,120
湖北省孝感,2011,187
湖北省孝感,2012,262
湖北省孝感,2013,361
湖北省孝感,2014,468
湖北省孝感,2015,787
湖北省孝感,2016,1398
湖北省孝感,2017,2698
湖北省孝感,2018,2382
湖北省孝感,2019,1032
湖北省咸宁,2003,5
湖北省咸宁,2004,2
湖北省咸宁,2005,5
湖北省咸宁,2006,44
湖北省咸宁,2007,11
湖北省咸宁,2008,21
湖北省咸宁,2009,14
湖北省咸宁,2010,32
湖北省咸宁,2011,64
湖北省咸宁,2012,159
湖北省咸宁,2013,211
湖北省咸宁,2014,202
湖北省咸宁,2015,314
湖北省咸宁,2016,663
湖北省咸宁,2017,970
湖北省咸宁,2018,824
湖北省咸宁,2019,568
湖北省仙桃,2003,3
湖北省仙桃,2004,4
湖北省仙桃,2005,7
湖北省仙桃,2006,22
湖北省仙桃,2007,20
湖北省仙桃,2008,33
湖北省仙桃,2009,40
湖北省仙桃,2010,37
湖北省仙桃,2011,21
湖北省仙桃,2012,71
湖北省仙桃,2013,104
湖北省仙桃,2014,112
湖北省仙桃,2015,89
湖北省仙桃,2016,278
湖北省仙桃,2017,469
湖北省仙桃,2018,221
湖北省仙桃,2019,120
湖北省潜江,2003,17
湖北省潜江,2004,3
湖北省潜江,2005,5
湖北省潜江,2006,8
湖北省潜江,2007,9
湖北省潜江,2008,12
湖北省潜江,2009,22
湖北省潜江,2010,24
湖北省潜江,2011,15
湖北省潜江,2012,27
湖北省潜江,2013,34
湖北省潜江,2014,32
湖北省潜江,2015,64
湖北省潜江,2016,299
湖北省潜江,2017,397
湖北省潜江,2018,104
湖北省潜江,2019,85
湖北省天门,2003,4
湖北省天门,2004,4
湖北省天门,2005,6
湖北省天门,2006,15
湖北省天门,2007,8
湖北省天门,2008,17
湖北省天门,2009,21
湖北省天门,2010,12
湖北省天门,2011,13
湖北省天门,2012,13
湖北省天门,2013,32
湖北省天门,2014,21
湖北省天门,2015,37
湖北省天门,2016,40
湖北省天门,2017,556
湖北省天门,2018,950
湖北省天门,2019,540
湖北省襄阳,2003,1
湖北省襄阳,2004,1
湖北省襄阳,2005,3
湖北省襄阳,2006,1
湖北省襄阳,2007,1
湖北省襄阳,2008,2
湖北省襄阳,2009,2
湖北省襄阳,2010,9
湖北省襄阳,2011,349
湖北省襄阳,2012,88
湖北省襄阳,2013,103
湖北省襄阳,2014,116
湖北省襄阳,2015,189
湖北省襄阳,2016,197
湖北省襄阳,2017,1296
湖北省襄阳,2018,3131
湖北省襄阳,2019,2081
湖北省宜昌,2003,34
湖北省宜昌,2004,26
湖北省宜昌,2005,79
湖北省宜昌,2006,115
湖北省宜昌,2007,194
湖北省宜昌,2008,328
湖北省宜昌,2009,330
湖北省宜昌,2010,346
湖北省宜昌,2011,410
湖北省宜昌,2012,897
湖北省宜昌,2013,1119
湖北省宜昌,2014,1599
湖北省宜昌,2015,1678
湖北省宜昌,2016,3401
湖北省宜昌,2017,3726
湖北省宜昌,2018,2968
湖北省宜昌,2019,1923
湖北省荆州,2003,13
湖北省荆州,2004,25
湖北省荆州,2005,33
湖北省荆州,2006,21
湖北省荆州,2007,73
湖北省荆州,2008,67
湖北省荆州,2009,84
湖北省荆州,2010,127
湖北省荆州,2011,145
湖北省荆州,2012,174
湖北省荆州,2013,262
湖北省荆州,2014,262
湖北省荆州,2015,490
湖北省荆州,2016,608
湖北省荆州,2017,1289
湖北省荆州,2018,1129
湖北省荆州,2019,921
湖北省荆门,2003,37
湖北省荆门,2004,17
湖北省荆门,2005,26
湖北省荆门,2006,36
湖北省荆门,2007,35
湖北省荆门,2008,41
湖北省荆门,2009,63
湖北省荆门,2010,64
湖北省荆门,2011,109
湖北省荆门,2012,177
湖北省荆门,2013,193
湖北省荆门,2014,201
湖北省荆门,2015,323
湖北省荆门,2016,760
湖北省荆门,2017,1557
湖北省荆门,2018,1850
湖北省荆门,2019,1026
湖南省长沙,2003,2132
湖南省长沙,2004,2010
湖南省长沙,2005,1367
湖南省长沙,2006,1563
湖南省长沙,2007,1410
湖南省长沙,2008,1692
湖南省长沙,2009,2174
湖南省长沙,2010,3013
湖南省长沙,2011,4542
湖南省长沙,2012,5374
湖南省长沙,2013,5801
湖南省长沙,2014,6911
湖南省长沙,2015,8588
湖南省长沙,2016,12501
湖南省长沙,2017,18174
湖南省长沙,2018,18442
湖南省长沙,2019,17397
湖南省株洲,2003,98
湖南省株洲,2004,109
湖南省株洲,2005,100
湖南省株洲,2006,158
湖南省株洲,2007,242
湖南省株洲,2008,229
湖南省株洲,2009,318
湖南省株洲,2010,412
湖南省株洲,2011,681
湖南省株洲,2012,804
湖南省株洲,2013,1112
湖南省株洲,2014,1484
湖南省株洲,2015,1802
湖南省株洲,2016,2179
湖南省株洲,2017,3115
湖南省株洲,2018,2990
湖南省株洲,2019,3592
湖南省湘潭,2003,87
湖南省湘潭,2004,87
湖南省湘潭,2005,104
湖南省湘潭,2006,102
湖南省湘潭,2007,144
湖南省湘潭,2008,184
湖南省湘潭,2009,238
湖南省湘潭,2010,346
湖南省湘潭,2011,470
湖南省湘潭,2012,502
湖南省湘潭,2013,696
湖南省湘潭,2014,965
湖南省湘潭,2015,1155
湖南省湘潭,2016,1146
湖南省湘潭,2017,1879
湖南省湘潭,2018,2291
湖南省湘潭,2019,2705
湖南省岳阳,2003,62
湖南省岳阳,2004,41
湖南省岳阳,2005,85
湖南省岳阳,2006,56
湖南省岳阳,2007,61
湖南省岳阳,2008,69
湖南省岳阳,2009,106
湖南省岳阳,2010,183
湖南省岳阳,2011,260
湖南省岳阳,2012,252
湖南省岳阳,2013,317
湖南省岳阳,2014,312
湖南省岳阳,2015,377
湖南省岳阳,2016,511
湖南省岳阳,2017,573
湖南省岳阳,2018,838
湖南省岳阳,2019,785
湖南省益阳,2003,5
湖南省益阳,2004,10
湖南省益阳,2005,8
湖南省益阳,2006,24
湖南省益阳,2007,30
湖南省益阳,2008,54
湖南省益阳,2009,29
湖南省益阳,2010,86
湖南省益阳,2011,115
湖南省益阳,2012,183
湖南省益阳,2013,175
湖南省益阳,2014,220
湖南省益阳,2015,462
湖南省益阳,2016,652
湖南省益阳,2017,896
湖南省益阳,2018,1247
湖南省益阳,2019,1282
湖南省常德,2003,36
湖南省常德,2004,30
湖南省常德,2005,39
湖南省常德,2006,55
湖南省常德,2007,35
湖南省常德,2008,54
湖南省常德,2009,72
湖南省常德,2010,110
湖南省常德,2011,219
湖南省常德,2012,301
湖南省常德,2013,417
湖南省常德,2014,511
湖南省常德,2015,454
湖南省常德,2016,761
湖南省常德,2017,1422
湖南省常德,2018,1422
湖南省常德,2019,2248
湖南省衡阳,2003,37
湖南省衡阳,2004,24
湖南省衡阳,2005,30
湖南省衡阳,2006,32
湖南省衡阳,2007,68
湖南省衡阳,2008,58
湖南省衡阳,2009,114
湖南省衡阳,2010,143
湖南省衡阳,2011,222
湖南省衡阳,2012,327
湖南省衡阳,2013,635
湖南省衡阳,2014,868
湖南省衡阳,2015,1657
湖南省衡阳,2016,1319
湖南省衡阳,2017,1590
湖南省衡阳,2018,2155
湖南省衡阳,2019,2931
湖南省娄底,2003,7
湖南省娄底,2004,20
湖南省娄底,2005,26
湖南省娄底,2006,28
湖南省娄底,2007,48
湖南省娄底,2008,48
湖南省娄底,2009,43
湖南省娄底,2010,50
湖南省娄底,2011,126
湖南省娄底,2012,117
湖南省娄底,2013,124
湖南省娄底,2014,157
湖南省娄底,2015,251
湖南省娄底,2016,221
湖南省娄底,2017,321
湖南省娄底,2018,439
湖南省娄底,2019,554
江西省南昌,2003,540
江西省南昌,2004,292
江西省南昌,2005,287
江西省南昌,2006,326
江西省南昌,2007,324
江西省南昌,2008,466
江西省南昌,2009,716
江西省南昌,2010,873
江西省南昌,2011,1118
江西省南昌,2012,1312
江西省南昌,2013,1861
江西省南昌,2014,2141
江西省南昌,2015,2977
江西省南昌,2016,3628
江西省南昌,2017,5092
江西省南昌,2018,6642
江西省南昌,2019,5668
江西省九江,2003,10
江西省九江,2004,8
江西省九江,2005,10
江西省九江,2006,14
江西省九江,2007,26
江西省九江,2008,40
江西省九江,2009,55
江西省九江,2010,99
江西省九江,2011,99
江西省九江,2012,133
江西省九江,2013,150
江西省九江,2014,197
江西省九江,2015,247
江西省九江,2016,442
江西省九江,2017,568
江西省九江,2018,847
江西省九江,2019,1020
江西省景德镇,2003,6
江西省景德镇,2004,14
江西省景德镇,2005,6
江西省景德镇,2006,23
江西省景德镇,2007,32
江西省景德镇,2008,22
江西省景德镇,2009,42
江西省景德镇,2010,68
江西省景德镇,2011,81
江西省景德镇,2012,93
江西省景德镇,2013,129
江西省景德镇,2014,210
江西省景德镇,2015,436
江西省景德镇,2016,389
江西省景德镇,2017,461
江西省景德镇,2018,546
江西省景德镇,2019,417
江西省鹰潭,2003,20
江西省鹰潭,2004,16
江西省鹰潭,2005,26
江西省鹰潭,2006,15
江西省鹰潭,2007,28
江西省鹰潭,2008,13
江西省鹰潭,2009,20
江西省鹰潭,2010,24
江西省鹰潭,2011,49
江西省鹰潭,2012,72
江西省鹰潭,2013,73
江西省鹰潭,2014,52
江西省鹰潭,2015,86
江西省鹰潭,2016,106
江西省鹰潭,2017,314
江西省鹰潭,2018,163
江西省鹰潭,2019,303
江西省新余,2003,16
江西省新余,2004,14
江西省新余,2005,18
江西省新余,2006,18
江西省新余,2007,20
江西省新余,2008,21
江西省新余,2009,47
江西省新余,2010,53
江西省新余,2011,4
江西省新余,2012,139
江西省新余,2013,119
江西省新余,2014,134
江西省新余,2015,133
江西省新余,2016,149
江西省新余,2017,201
江西省新余,2018,359
江西省新余,2019,291
江西省宜春,2003,5
江西省宜春,2004,9
江西省宜春,2005,13
江西省宜春,2006,23
江西省宜春,2007,13
江西省宜春,2008,33
江西省宜春,2009,40
江西省宜春,2010,67
江西省宜春,2011,207
江西省宜春,2012,169
江西省宜春,2013,187
江西省宜春,2014,310
江西省宜春,2015,342
江西省宜春,2016,669
江西省宜春,2017,766
江西省宜春,2018,1031
江西省宜春,2019,825
江西省萍乡,2003,15
江西省萍乡,2004,11
江西省萍乡,2005,28
江西省萍乡,2006,17
江西省萍乡,2007,35
江西省萍乡,2008,34
江西省萍乡,2009,48
江西省萍乡,2010,74
江西省萍乡,2011,101
江西省萍乡,2012,87
江西省萍乡,2013,105
江西省萍乡,2014,155
江西省萍乡,2015,132
江西省萍乡,2016,152
江西省萍乡,2017,548
江西省萍乡,2018,647
江西省萍乡,2019,798
江西省上饶,2003,10
江西省上饶,2004,3
江西省上饶,2005,3
江西省上饶,2006,5
江西省上饶,2007,11
江西省上饶,2008,18
江西省上饶,2009,29
江西省上饶,2010,34
江西省上饶,2011,48
江西省上饶,2012,84
江西省上饶,2013,143
江西省上饶,2014,181
江西省上饶,2015,166
江西省上饶,2016,210
江西省上饶,2017,521
江西省上饶,2018,684
江西省上饶,2019,1018
河南省郑州,2003,245
河南省郑州,2004,282
河南省郑州,2005,417
河南省郑州,2006,737
河南省郑州,2007,624
河南省郑州,2008,1000
河南省郑州,2009,1050
河南省郑州,2010,1651
河南省郑州,2011,2273
河南省郑州,2012,3246
河南省郑州,2013,4024
河南省郑州,2014,5006
河南省郑州,2015,5969
河南省郑州,2016,11006
河南省郑州,2017,20333
河南省郑州,2018,23670
河南省郑州,2019,13838
河南省开封,2003,27
河南省开封,2004,45
河南省开封,2005,37
河南省开封,2006,34
河南省开封,2007,53
河南省开封,2008,74
河南省开封,2009,93
河南省开封,2010,127
河南省开封,2011,124
河南省开封,2012,169
河南省开封,2013,179
河南省开封,2014,214
河南省开封,2015,315
河南省开封,2016,395
河南省开封,2017,480
河南省开封,2018,698
河南省开封,2019,778
河南省洛阳,2003,93
河南省洛阳,2004,128
河南省洛阳,2005,171
河南省洛阳,2006,220
河南省洛阳,2007,363
河南省洛阳,2008,598
河南省洛阳,2009,656
河南省洛阳,2010,851
河南省洛阳,2011,1622
河南省洛阳,2012,1761
河南省洛阳,2013,2697
河南省洛阳,2014,3919
河南省洛阳,2015,3495
河南省洛阳,2016,3215
河南省洛阳,2017,4025
河南省洛阳,2018,4231
河南省洛阳,2019,3365
河南省南阳,2003,32
河南省南阳,2004,49
河南省南阳,2005,54
河南省南阳,2006,74
河南省南阳,2007,126
河南省南阳,2008,168
河南省南阳,2009,185
河南省南阳,2010,312
河南省南阳,2011,334
河南省南阳,2012,349
河南省南阳,2013,499
河南省南阳,2014,601
河南省南阳,2015,832
河南省南阳,2016,941
河南省南阳,2017,1259
河南省南阳,2018,1466
河南省南阳,2019,1171
河南省安阳,2003,39
河南省安阳,2004,48
河南省安阳,2005,76
河南省安阳,2006,91
河南省安阳,2007,121
河南省安阳,2008,78
河南省安阳,2009,114
河南省安阳,2010,162
河南省安阳,2011,293
河南省安阳,2012,424
河南省安阳,2013,548
河南省安阳,2014,439
河南省安阳,2015,447
河南省安阳,2016,674
河南省安阳,2017,670
河南省安阳,2018,849
河南省安阳,2019,838
河南省商丘,2003,11
河南省商丘,2004,12
河南省商丘,2005,17
河南省商丘,2006,22
河南省商丘,2007,32
河南省商丘,2008,27
河南省商丘,2009,46
河南省商丘,2010,77
河南省商丘,2011,97
河南省商丘,2012,136
河南省商丘,2013,173
河南省商丘,2014,214
河南省商丘,2015,182
河南省商丘,2016,264
河南省商丘,2017,392
河南省商丘,2018,661
河南省商丘,2019,602
河南省新乡,2003,53
河南省新乡,2004,50
河南省新乡,2005,73
河南省新乡,2006,67
河南省新乡,2007,121
河南省新乡,2008,200
河南省新乡,2009,234
河南省新乡,2010,337
河南省新乡,2011,527
河南省新乡,2012,567
河南省新乡,2013,882
河南省新乡,2014,888
河南省新乡,2015,1314
河南省新乡,2016,2143
河南省新乡,2017,2571
河南省新乡,2018,2825
河南省新乡,2019,2278
河南省平顶山,2003,13
河南省平顶山,2004,22
河南省平顶山,2005,17
河南省平顶山,2006,45
河南省平顶山,2007,41
河南省平顶山,2008,52
河南省平顶山,2009,119
河南省平顶山,2010,158
河南省平顶山,2011,192
河南省平顶山,2012,287
河南省平顶山,2013,297
河南省平顶山,2014,626
河南省平顶山,2015,657
河南省平顶山,2016,848
河南省平顶山,2017,969
河南省平顶山,2018,1360
河南省平顶山,2019,1143
河南省许昌,2003,15
河南省许昌,2004,20
河南省许昌,2005,28
河南省许昌,2006,35
河南省许昌,2007,36
河南省许昌,2008,101
河南省许昌,2009,115
河南省许昌,2010,155
河南省许昌,2011,210
河南省许昌,2012,255
河南省许昌,2013,449
河南省许昌,2014,802
河南省许昌,2015,1233
河南省许昌,2016,2624
河南省许昌,2017,4263
河南省许昌,2018,3449
河南省许昌,2019,1292
河南省焦作,2003,22
河南省焦作,2004,30
河南省焦作,2005,44
河南省焦作,2006,79
河南省焦作,2007,93
河南省焦作,2008,114
河南省焦作,2009,141
河南省焦作,2010,254
河南省焦作,2011,424
河南省焦作,2012,480
河南省焦作,2013,743
河南省焦作,2014,730
河南省焦作,2015,800
河南省焦作,2016,1057
河南省焦作,2017,1268
河南省焦作,2018,1520
河南省焦作,2019,1430
河南省周口,2003,12
河南省周口,2004,7
河南省周口,2005,8
河南省周口,2006,10
河南省周口,2007,12
河南省周口,2008,13
河南省周口,2009,21
河南省周口,2010,26
河南省周口,2011,67
河南省周口,2012,121
河南省周口,2013,113
河南省周口,2014,141
河南省周口,2015,183
河南省周口,2016,227
河南省周口,2017,308
河南省周口,2018,386
河南省周口,2019,410
河南省信阳,2003,9
河南省信阳,2004,12
河南省信阳,2005,24
河南省信阳,2006,15
河南省信阳,2007,20
河南省信阳,2008,27
河南省信阳,2009,30
河南省信阳,2010,25
河南省信阳,2011,81
河南省信阳,2012,145
河南省信阳,2013,141
河南省信阳,2014,154
河南省信阳,2015,178
河南省信阳,2016,306
河南省信阳,2017,365
河南省信阳,2018,530
河南省信阳,2019,431
河南省驻马店,2003,8
河南省驻马店,2004,6
河南省驻马店,2005,14
河南省驻马店,2006,18
河南省驻马店,2007,21
河南省驻马店,2008,21
河南省驻马店,2009,36
河南省驻马店,2010,93
河南省驻马店,2011,104
河南省驻马店,2012,88
河南省驻马店,2013,131
河南省驻马店,2014,136
河南省驻马店,2015,230
河南省驻马店,2016,233
河南省驻马店,2017,273
河南省驻马店,2018,408
河南省驻马店,2019,365
河南省鹤壁,2003,20
河南省鹤壁,2004,9
河南省鹤壁,2005,23
河南省鹤壁,2006,33
河南省鹤壁,2007,31
河南省鹤壁,2008,41
河南省鹤壁,2009,56
河南省鹤壁,2010,82
河南省鹤壁,2011,112
河南省鹤壁,2012,83
河南省鹤壁,2013,116
河南省鹤壁,2014,118
河南省鹤壁,2015,107
河南省鹤壁,2016,131
河南省鹤壁,2017,172
河南省鹤壁,2018,195
河南省鹤壁,2019,169
河南省濮阳,2003,50
河南省濮阳,2004,50
河南省濮阳,2005,62
河南省濮阳,2006,69
河南省濮阳,2007,115
河南省濮阳,2008,134
河南省濮阳,2009,94
河南省濮阳,2010,175
河南省濮阳,2011,167
河南省濮阳,2012,189
河南省濮阳,2013,166
河南省濮阳,2014,279
河南省濮阳,2015,265
河南省濮阳,2016,303
河南省濮阳,2017,318
河南省濮阳,2018,550
河南省濮阳,2019,390
河南省漯河,2003,16
河南省漯河,2004,10
河南省漯河,2005,19
河南省漯河,2006,19
河南省漯河,2007,20
河南省漯河,2008,41
河南省漯河,2009,37
河南省漯河,2010,45
河南省漯河,2011,93
河南省漯河,2012,88
河南省漯河,2013,122
河南省漯河,2014,176
河南省漯河,2015,199
河南省漯河,2016,218
河南省漯河,2017,238
河南省漯河,2018,294
河南省漯河,2019,329
河南省三门峡,2003,1
河南省三门峡,2004,15
河南省三门峡,2005,9
河南省三门峡,2006,9
河南省三门峡,2007,15
河南省三门峡,2008,17
河南省三门峡,2009,20
河南省三门峡,2010,53
河南省三门峡,2011,75
河南省三门峡,2012,78
河南省三门峡,2013,130
河南省三门峡,2014,143
河南省三门峡,2015,130
河南省三门峡,2016,181
河南省三门峡,2017,165
河南省三门峡,2018,187
河南省三门峡,2019,215
河南省济源,2003,9
河南省济源,2004,6
河南省济源,2005,6
河南省济源,2006,17
河南省济源,2007,10
河南省济源,2008,35
河南省济源,2009,25
河南省济源,2010,41
河南省济源,2011,14
河南省济源,2012,22
河南省济源,2013,33
河南省济源,2014,42
河南省济源,2015,45
河南省济源,2016,43
河南省济源,2017,117
河南省济源,2018,189
河南省济源,2019,75
山西省长治,2003,10
山西省长治,2004,13
山西省长治,2005,10
山西省长治,2006,29
山西省长治,2007,36
山西省长治,2008,99
山西省长治,2009,260
山西省长治,2010,320
山西省长治,2011,507
山西省长治,2012,526
山西省长治,2013,552
山西省长治,2014,551
山西省长治,2015,294
山西省长治,2016,207
山西省长治,2017,338
山西省长治,2018,316
山西省长治,2019,367
山西省晋城,2003,15
山西省晋城,2004,22
山西省晋城,2005,12
山西省晋城,2006,27
山西省晋城,2007,26
山西省晋城,2008,49
山西省晋城,2009,119
山西省晋城,2010,99
山西省晋城,2011,114
山西省晋城,2012,131
山西省晋城,2013,184
山西省晋城,2014,199
山西省晋城,2015,247
山西省晋城,2016,227
山西省晋城,2017,416
山西省晋城,2018,290
山西省晋城,2019,204
山西省运城,2003,11
山西省运城,2004,11
山西省运城,2005,18
山西省运城,2006,22
山西省运城,2007,31
山西省运城,2008,24
山西省运城,2009,34
山西省运城,2010,53
山西省运城,2011,134
山西省运城,2012,207
山西省运城,2013,261
山西省运城,2014,273
山西省运城,2015,291
山西省运城,2016,384
山西省运城,2017,561
山西省运城,2018,678
山西省运城,2019,579
山东省聊城,2003,17
山东省聊城,2004,24
山东省聊城,2005,49
山东省聊城,2006,79
山东省聊城,2007,122
山东省聊城,2008,173
山东省聊城,2009,227
山东省聊城,2010,258
山东省聊城,2011,324
山东省聊城,2012,400
山东省聊城,2013,525
山东省聊城,2014,720
山东省聊城,2015,1019
山东省聊城,2016,1180
山东省聊城,2017,1322
山东省聊城,2018,1403
山东省聊城,2019,1376
山东省菏泽,2003,43
山东省菏泽,2004,32
山东省菏泽,2005,43
山东省菏泽,2006,77
山东省菏泽,2007,136
山东省菏泽,2008,203
山东省菏泽,2009,276
山东省菏泽,2010,354
山东省菏泽,2011,445
山东省菏泽,2012,530
山东省菏泽,2013,743
山东省菏泽,2014,859
山东省菏泽,2015,1089
山东省菏泽,2016,1117
山东省菏泽,2017,1246
山东省菏泽,2018,915
山东省菏泽,2019,978
安徽省淮北,2003,13
安徽省淮北,2004,11
安徽省淮北,2005,29
安徽省淮北,2006,22
安徽省淮北,2007,24
安徽省淮北,2008,37
安徽省淮北,2009,83
安徽省淮北,2010,78
安徽省淮北,2011,174
安徽省淮北,2012,274
安徽省淮北,2013,570
安徽省淮北,2014,1156
安徽省淮北,2015,1557
安徽省淮北,2016,1485
安徽省淮北,2017,1772
安徽省淮北,2018,2721
安徽省淮北,2019,892
安徽省蚌埠,2003,22
安徽省蚌埠,2004,15
安徽省蚌埠,2005,20
安徽省蚌埠,2006,42
安徽省蚌埠,2007,46
安徽省蚌埠,2008,140
安徽省蚌埠,2009,326
安徽省蚌埠,2010,356
安徽省蚌埠,2011,1009
安徽省蚌埠,2012,1923
安徽省蚌埠,2013,3471
安徽省蚌埠,2014,4324
安徽省蚌埠,2015,5352
安徽省蚌埠,2016,6211
安徽省蚌埠,2017,4184
安徽省蚌埠,2018,5001
安徽省蚌埠,2019,2530
安徽省宿州,2003,8
安徽省宿州,2004,6
安徽省宿州,2005,7
安徽省宿州,2006,17
安徽省宿州,2007,10
安徽省宿州,2008,19
安徽省宿州,2009,58
安徽省宿州,2010,59
安徽省宿州,2011,162
安徽省宿州,2012,343
安徽省宿州,2013,677
安徽省宿州,2014,951
安徽省宿州,2015,849
安徽省宿州,2016,1462
安徽省宿州,2017,1993
安徽省宿州,2018,1582
安徽省宿州,2019,2212
安徽省阜阳,2003,8
安徽省阜阳,2004,9
安徽省阜阳,2005,11
安徽省阜阳,2006,27
安徽省阜阳,2007,23
安徽省阜阳,2008,24
安徽省阜阳,2009,26
安徽省阜阳,2010,94
安徽省阜阳,2011,168
安徽省阜阳,2012,381
安徽省阜阳,2013,1469
安徽省阜阳,2014,2084
安徽省阜阳,2015,3334
安徽省阜阳,2016,4218
安徽省阜阳,2017,6197
安徽省阜阳,2018,6273
安徽省阜阳,2019,3180
安徽省亳州,2003,4
安徽省亳州,2004,6
安徽省亳州,2005,5
安徽省亳州,2006,5
安徽省亳州,2007,7
安徽省亳州,2008,13
安徽省亳州,2009,40
安徽省亳州,2010,60
安徽省亳州,2011,78
安徽省亳州,2012,230
安徽省亳州,2013,581
安徽省亳州,2014,575
安徽省亳州,2015,670
安徽省亳州,2016,1232
安徽省亳州,2017,1866
安徽省亳州,2018,3184
安徽省亳州,2019,1862
四川省成都,2003,993
四川省成都,2004,1070
四川省成都,2005,1473
四川省成都,2006,1738
四川省成都,2007,1844
四川省成都,2008,2627
四川省成都,2009,4160
四川省成都,2010,4876
四川省成都,2011,7139
四川省成都,2012,10496
四川省成都,2013,13980
四川省成都,2014,18428
四川省成都,2015,25062
四川省成都,2016,33745
四川省成都,2017,48388
四川省成都,2018,38056
四川省成都,2019,27070
四川省自贡,2003,14
四川省自贡,2004,19
四川省自贡,2005,26
四川省自贡,2006,46
四川省自贡,2007,29
四川省自贡,2008,47
四川省自贡,2009,75
四川省自贡,2010,97
四川省自贡,2011,166
四川省自贡,2012,202
四川省自贡,2013,243
四川省自贡,2014,286
四川省自贡,2015,390
四川省自贡,2016,536
四川省自贡,2017,701
四川省自贡,2018,864
四川省自贡,2019,631
四川省泸州,2003,14
四川省泸州,2004,9
四川省泸州,2005,17
四川省泸州,2006,22
四川省泸州,2007,55
四川省泸州,2008,19
四川省泸州,2009,43
四川省泸州,2010,74
四川省泸州,2011,129
四川省泸州,2012,173
四川省泸州,2013,172
四川省泸州,2014,323
四川省泸州,2015,435
四川省泸州,2016,645
四川省泸州,2017,904
四川省泸州,2018,768
四川省泸州,2019,409
四川省德阳,2003,24
四川省德阳,2004,15
四川省德阳,2005,29
四川省德阳,2006,37
四川省德阳,2007,65
四川省德阳,2008,69
四川省德阳,2009,148
四川省德阳,2010,243
四川省德阳,2011,275
四川省德阳,2012,576
四川省德阳,2013,582
四川省德阳,2014,661
四川省德阳,2015,1051
四川省德阳,2016,1966
四川省德阳,2017,2353
四川省德阳,2018,2313
四川省德阳,2019,970
四川省绵阳,2003,64
四川省绵阳,2004,94
四川省绵阳,2005,102
四川省绵阳,2006,154
四川省绵阳,2007,212
四川省绵阳,2008,266
四川省绵阳,2009,409
四川省绵阳,2010,509
四川省绵阳,2011,841
四川省绵阳,2012,1007
四川省绵阳,2013,1425
四川省绵阳,2014,1994
四川省绵阳,2015,2368
四川省绵阳,2016,3272
四川省绵阳,2017,4151
四川省绵阳,2018,4121
四川省绵阳,2019,3857
四川省遂宁,2003,9
四川省遂宁,2004,6
四川省遂宁,2005,12
四川省遂宁,2006,10
四川省遂宁,2007,7
四川省遂宁,2008,33
四川省遂宁,2009,18
四川省遂宁,2010,34
四川省遂宁,2011,71
四川省遂宁,2012,111
四川省遂宁,2013,129
四川省遂宁,2014,215
四川省遂宁,2015,247
四川省遂宁,2016,279
四川省遂宁,2017,515
四川省遂宁,2018,566
四川省遂宁,2019,331
四川省内江,2003,9
四川省内江,2004,6
四川省内江,2005,4
四川省内江,2006,7
四川省内江,2007,18
四川省内江,2008,6
四川省内江,2009,25
四川省内江,2010,57
四川省内江,2011,59
四川省内江,2012,73
四川省内江,2013,118
四川省内江,2014,137
四川省内江,2015,276
四川省内江,2016,267
四川省内江,2017,515
四川省内江,2018,580
四川省内江,2019,415
四川省乐山,2003,20
四川省乐山,2004,23
四川省乐山,2005,20
四川省乐山,2006,122
四川省乐山,2007,68
四川省乐山,2008,53
四川省乐山,2009,73
四川省乐山,2010,62
四川省乐山,2011,146
四川省乐山,2012,180
四川省乐山,2013,220
四川省乐山,2014,245
四川省乐山,2015,322
四川省乐山,2016,466
四川省乐山,2017,746
四川省乐山,2018,607
四川省乐山,2019,420
四川省南充,2003,21
四川省南充,2004,12
四川省南充,2005,18
四川省南充,2006,17
四川省南充,2007,29
四川省南充,2008,23
四川省南充,2009,18
四川省南充,2010,45
四川省南充,2011,84
四川省南充,2012,134
四川省南充,2013,164
四川省南充,2014,221
四川省南充,2015,289
四川省南充,2016,239
四川省南充,2017,514
四川省南充,2018,592
四川省南充,2019,381
四川省眉山,2003,7
四川省眉山,2004,11
四川省眉山,2005,19
四川省眉山,2006,24
四川省眉山,2007,33
四川省眉山,2008,30
四川省眉山,2009,39
四川省眉山,2010,63
四川省眉山,2011,100
四川省眉山,2012,96
四川省眉山,2013,156
四川省眉山,2014,254
四川省眉山,2015,206
四川省眉山,2016,355
四川省眉山,2017,654
四川省眉山,2018,525
四川省眉山,2019,544
四川省宜宾,2003,12
四川省宜宾,2004,11
四川省宜宾,2005,30
四川省宜宾,2006,75
四川省宜宾,2007,62
四川省宜宾,2008,76
四川省宜宾,2009,46
四川省宜宾,2010,72
四川省宜宾,2011,106
四川省宜宾,2012,169
四川省宜宾,2013,382
四川省宜宾,2014,362
四川省宜宾,2015,444
四川省宜宾,2016,571
四川省宜宾,2017,625
四川省宜宾,2018,611
四川省宜宾,2019,463
四川省广安,2003,10
四川省广安,2004,6
四川省广安,2005,1
四川省广安,2006,1
四川省广安,2007,4
四川省广安,2008,3
四川省广安,2009,5
四川省广安,2010,9
四川省广安,2011,22
四川省广安,2012,36
四川省广安,2013,124
四川省广安,2014,150
四川省广安,2015,480
四川省广安,2016,724
四川省广安,2017,851
四川省广安,2018,1027
四川省广安,2019,148
四川省达州,2003,11
四川省达州,2004,4
四川省达州,2005,15
四川省达州,2006,5
四川省达州,2007,8
四川省达州,2008,9
四川省达州,2009,13
四川省达州,2010,28
四川省达州,2011,33
四川省达州,2012,84
四川省达州,2013,67
四川省达州,2014,158
四川省达州,2015,164
四川省达州,2016,174
四川省达州,2017,293
四川省达州,2018,273
四川省达州,2019,247
四川省雅安,2003,26
四川省雅安,2004,9
四川省雅安,2005,12
四川省雅安,2006,15
四川省雅安,2007,16
四川省雅安,2008,17
四川省雅安,2009,37
四川省雅安,2010,58
四川省雅安,2011,104
四川省雅安,2012,141
四川省雅安,2013,219
四川省雅安,2014,200
四川省雅安,2015,275
四川省雅安,2016,375
四川省雅安,2017,517
四川省雅安,2018,390
四川省雅安,2019,205
四川省资阳,2003,3
四川省资阳,2004,5
四川省资阳,2005,3
四川省资阳,2006,2
四川省资阳,2007,8
四川省资阳,2008,23
四川省资阳,2009,8
四川省资阳,2010,29
四川省资阳,2011,61
四川省资阳,2012,133
四川省资阳,2013,127
四川省资阳,2014,188
四川省资阳,2015,241
四川省资阳,2016,281
四川省资阳,2017,365
四川省资阳,2018,230
四川省资阳,2019,189
重庆,2003,474
重庆,2004,558
重庆,2005,809
重庆,2006,1142
重庆,2007,1541
重庆,2008,2040
重庆,2009,3386
重庆,2010,4603
重庆,2011,7221
重庆,2012,9253
重庆,2013,9894
重庆,2014,16783
重庆,2015,31211
重庆,2016,19093
重庆,2017,19554
重庆,2018,21093
重庆,2019,20002
陕西省西安,2003,799
陕西省西安,2004,805
陕西省西安,2005,1073
陕西省西安,2006,1267
陕西省西安,2007,1709
陕西省西安,2008,2751
陕西省西安,2009,4337
陕西省西安,2010,6218
陕西省西安,2011,9164
陕西省西安,2012,12974
陕西省西安,2013,19073
陕西省西安,2014,15750
陕西省西安,2015,12878
陕西省西安,2016,16503
陕西省西安,2017,30926
陕西省西安,2018,25295
陕西省西安,2019,29623
陕西省宝鸡,2003,23
陕西省宝鸡,2004,27
陕西省宝鸡,2005,44
陕西省宝鸡,2006,50
陕西省宝鸡,2007,82
陕西省宝鸡,2008,102
陕西省宝鸡,2009,119
陕西省宝鸡,2010,148
陕西省宝鸡,2011,225
陕西省宝鸡,2012,325
陕西省宝鸡,2013,371
陕西省宝鸡,2014,515
陕西省宝鸡,2015,608
陕西省宝鸡,2016,665
陕西省宝鸡,2017,1314
陕西省宝鸡,2018,1170
陕西省宝鸡,2019,744
陕西省咸阳,2003,86
陕西省咸阳,2004,74
陕西省咸阳,2005,126
陕西省咸阳,2006,183
陕西省咸阳,2007,135
陕西省咸阳,2008,193
陕西省咸阳,2009,286
陕西省咸阳,2010,312
陕西省咸阳,2011,367
陕西省咸阳,2012,360
陕西省咸阳,2013,366
陕西省咸阳,2014,355
陕西省咸阳,2015,531
陕西省咸阳,2016,843
陕西省咸阳,2017,1545
陕西省咸阳,2018,2130
陕西省咸阳,2019,1457
陕西省铜川,2003,3
陕西省铜川,2004,8
陕西省铜川,2005,3
陕西省铜川,2006,3
陕西省铜川,2007,12
陕西省铜川,2008,6
陕西省铜川,2009,10
陕西省铜川,2010,8
陕西省铜川,2011,13
陕西省铜川,2012,10
陕西省铜川,2013,18
陕西省铜川,2014,14
陕西省铜川,2015,20
陕西省铜川,2016,25
陕西省铜川,2017,42
陕西省铜川,2018,73
陕西省铜川,2019,60
陕西省渭南,2003,5
陕西省渭南,2004,5
陕西省渭南,2005,6
陕西省渭南,2006,16
陕西省渭南,2007,8
陕西省渭南,2008,13
陕西省渭南,2009,10
陕西省渭南,2010,55
陕西省渭南,2011,213
陕西省渭南,2012,566
陕西省渭南,2013,292
陕西省渭南,2014,259
陕西省渭南,2015,208
陕西省渭南,2016,209
陕西省渭南,2017,477
陕西省渭南,2018,622
陕西省渭南,2019,239
甘肃省天水,2003,3
甘肃省天水,2004,9
甘肃省天水,2005,18
甘肃省天水,2006,27
甘肃省天水,2007,28
甘肃省天水,2008,45
甘肃省天水,2009,42
甘肃省天水,2010,37
甘肃省天水,2011,61
甘肃省天水,2012,59
甘肃省天水,2013,98
甘肃省天水,2014,204
甘肃省天水,2015,179
甘肃省天水,2016,240
甘肃省天水,2017,329
甘肃省天水,2018,127
甘肃省天水,2019,180
甘肃省庆阳,2003,1
甘肃省庆阳,2004,5
甘肃省庆阳,2005,4
甘肃省庆阳,2006,5
甘肃省庆阳,2007,3
甘肃省庆阳,2008,9
甘肃省庆阳,2009,8
甘肃省庆阳,2010,19
甘肃省庆阳,2011,60
甘肃省庆阳,2012,407
甘肃省庆阳,2013,201
甘肃省庆阳,2014,534
甘肃省庆阳,2015,326
甘肃省庆阳,2016,283
甘肃省庆阳,2017,527
甘肃省庆阳,2018,132
甘肃省庆阳,2019,102
